{"cameraMode":{"drawMode":2,"name":"Shaded Wireframe","section":"Shading Mode"},"sceneLighting":true,"audioPlay":false,"sceneViewState":{"m_AlwaysRefresh":false,"showFog":true,"showSkybox":true,"showFlares":true,"showImageEffects":true,"showParticleSystems":true,"showVisualEffectGraphs":true,"m_FxEnabled":true},"in2DMode":false,"pivot":{"x":0.024195432662963868,"y":-18.857208251953126,"z":12.36910629272461},"rotation":{"x":-0.3621250092983246,"y":-0.03438674658536911,"z":0.013369457796216011,"w":-0.9314038157463074},"size":21.888721466064454,"orthographic":false}